Interview number (ongoing),Serial number (if provided),Reference (if provided in link),Questionnaire that has been used in the interview,Interview mode,Language,Time the interview has started (Europe/Berlin),"Random Generator: Complete clearances of the ballot, yet",Random Generator: Code drawn,starost: [01],pol,mesto_opstina,mesto_osn: [01],etnicitet,etnicitet: Drugo,country,država: Drugo,obrazovanje,obrazovanje_oca,obrazovanje_majke
158,0,0,base,interview,srp,45112.53,0,2,19,2,Novi Sad,Novi Sad,4,0,4,0,3,3,3
159,0,0,base,interview,srp,45112.53,0,2,19,2,Prokuplje,Prokuplje,4,0,4,0,3,3,4
164,0,0,base,interview,srp,45112.53,0,1,19,2,Novi Sad,Badovinci,4,0,4,0,3,2,3
165,0,0,base,interview,srp,45112.53,0,1,23,2,Novi Sad,Novi Sad,4,0,4,0,3,3,3
166,0,0,base,interview,srp,45112.53,0,1,24,2,Bačka Palanka,Bačka Palanka,4,0,4,0,3,2,3
167,0,0,base,interview,srp,45112.53,0,2,19,2,Novi Sad,Novi Sad,4,0,4,0,3,4,3
172,0,0,base,interview,srp,45112.53,0,1,21,1,Novi Sad,Novi Sad,4,0,4,0,3,3,5
173,0,0,base,interview,srp,45112.53,0,2,19,2,Novi Sad,Loznica,4,0,4,0,3,3,4
176,0,0,base,interview,srp,45112.54,0,1,19,2,Kruševac,Kruševac,4,0,4,0,3,3,4
178,0,0,base,interview,srp,45112.54,0,2,23,1,Vladimirovac,Vladimirovac,6,Rumun,4,0,3,3,3
179,0,0,base,interview,srp,45112.54,0,1,22,2,Novi Sad,Temerin,4,0,4,0,4,3,3
181,0,0,base,interview,srp,45112.54,0,1,20,2,Mladenovo,Mladenovo,4,0,4,0,3,3,3
182,0,0,base,interview,srp,45112.54,0,2,21,2,Novi Sad,Gospođinci,4,0,4,0,3,4,4
184,0,0,base,interview,srp,45112.54,0,2,20,1,Senta,Senta,4,0,4,0,3,4,4
188,0,0,base,interview,srp,45112.54,0,1,19,2,Šabac,Šabac,4,0,4,0,3,3,4
190,0,0,base,interview,srp,45112.54,0,2,20,1,Novi Sad,Novi Sad,4,0,4,0,3,3,3
192,0,0,base,interview,srp,45112.55,0,1,21,1,Inđija,Inđija,4,0,4,0,3,3,3
197,0,0,base,interview,srp,45112.55,0,1,20,2,Novi Sad,Novi Sad,4,0,4,0,3,3,3
198,0,0,base,interview,srp,45112.55,0,1,20,2,Novi Sad,Novi Sad,4,0,4,0,3,3,3
199,0,0,base,interview,srp,45112.55,0,1,22,2,Novi Sad,Vršac,4,0,4,0,3,3,3
200,0,0,base,interview,srp,45112.55,0,1,21,2,Vrbas,Vrbas,4,0,4,0,3,2,3
204,0,0,base,interview,srp,45112.55,0,2,23,1,Bajina Bašta,Bajina Bašta,4,0,4,0,3,3,3
205,0,0,base,interview,srp,45112.55,0,1,19,2,Čonoplja,Čonoplja,4,0,4,0,3,3,2
206,0,0,base,interview,srp,45112.55,0,1,22,2,Bečej,Bečej,6,Mađarica,4,0,3,4,3
210,0,0,base,interview,srp,45112.56,0,1,22,2,Novi Sad,Novi Sad,4,0,4,0,3,3,4
216,0,0,base,interview,srp,45112.56,0,1,20,2,Novi Bečej,Novi Bečej,4,0,4,0,3,3,3
218,0,0,base,interview,srp,45112.57,0,2,20,2,Novi Sad,Novi Sad,4,0,4,0,3,3,3
220,0,0,base,interview,srp,45112.57,0,2,20,2,Bečej,Bečej,4,0,4,0,3,3,3
221,0,0,base,interview,srp,45112.57,0,2,19,2,Sremska Kamenica,Sremska Kamenica,4,0,4,0,3,3,3
226,0,0,base,interview,srp,45112.57,0,2,21,1,Novi Sad,Subotica,4,0,4,0,3,4,3
229,0,0,base,interview,srp,45112.57,0,1,22,2,Novi Sad,Novi Sad,4,0,4,0,3,4,4
230,0,0,base,interview,srp,45112.57,0,1,24,2,Indjija,Novi Sad,4,0,4,0,4,3,3
233,0,0,base,interview,srp,45112.58,0,1,20,2,Ruski Krstur,Ruski Krstur,6,Rusinka,4,0,3,3,3
234,0,0,base,interview,srp,45112.58,0,2,24,2,Novi Sad,Novi Sad,4,0,4,0,4,3,4
236,0,0,base,interview,srp,45112.58,0,1,20,2,Novi Sad,Šid,6,Slovakinja,4,0,3,3,3
238,0,0,base,interview,srp,45112.58,0,2,20,1,Novi Sad,Novi Sad,5,0,4,0,3,4,4
240,0,0,base,interview,srp,45112.58,0,2,21,1,Šabac,Šabac,4,0,4,0,3,4,3
243,0,0,base,interview,srp,45112.58,0,1,21,2,Sremska Kamenica,Sremska Kamenica,4,0,4,0,3,3,3
244,0,0,base,interview,srp,45112.58,0,2,20,2,Vrbas,Vrbas,4,0,4,0,3,3,4
247,0,0,base,interview,srp,45112.58,0,2,22,2,Bela Crkva,Bela Crkva,4,0,4,0,4,3,3
249,0,0,base,interview,srp,45112.59,0,2,22,2,Zrenjanin,Zrenjanin,4,0,4,0,3,5,4
251,0,0,base,interview,srp,45112.59,0,1,19,2,Stejanovci,Sremska Mitrovica,4,0,4,0,3,3,3
253,0,0,base,interview,srp,45112.6,0,2,23,1,Bački Petrovac,Bački Petrovac,6,Slovak,4,0,3,4,5
258,0,0,base,interview,srp,45112.62,0,1,23,2,Međa,Međa,4,0,4,0,3,3,2
259,0,0,base,interview,srp,45112.62,0,1,24,1,Odžaci,Odžaci,4,0,4,0,3,3,3
264,0,0,base,interview,srp,45112.64,0,2,23,1,Zrenjanin,Zrenjanin,4,0,4,0,3,4,4
265,0,0,base,interview,srp,45112.64,0,2,27,2,Novi Sad,Kula,4,0,4,0,4,4,3
268,0,0,base,interview,bos,45112.65,0,2,19,2,Bijeljina,Bijeljina,4,0,1,0,3,3,3
269,0,0,base,interview,srp,45112.65,0,2,21,1,Kula,Kula,4,0,4,0,3,3,3
272,0,0,base,interview,srp,45112.66,0,2,22,2,Bački Jarak,Bački Jarak,4,0,4,0,4,4,4
274,0,0,base,interview,srp,45112.68,0,2,20,2,Titel,Titel,4,0,4,0,3,4,3
276,0,0,base,interview,srp,45112.69,0,2,21,2,Šabac,Šabac,4,0,4,0,3,3,3
279,0,0,base,interview,srp,45112.69,0,1,Novi Sad,2,Novi Sad,Novi Sad,4,0,4,0,3,4,4
281,0,0,base,interview,srp,45112.7,0,1,20,1,Vranje,Vranje,4,0,4,0,3,3,3
284,0,0,base,interview,srp,45112.7,0,2,20,2,Novi Sad,Novi Sad,4,0,4,0,3,5,4
286,0,0,base,interview,bos,45112.72,0,1,21,2,Novi Sad,Zvornik,4,0,4,0,3,4,4
290,0,0,base,interview,srp,45112.72,0,1,21,2,"Bor, Srbija",Bor,4,0,4,0,3,3,4
295,0,0,base,interview,srp,45112.73,0,2,20,2,Novi Sad,Paraćin,4,0,4,0,3,3,3
297,0,0,base,interview,srp,45112.73,0,1,19,2,Novi Sad,Novi Sad,4,0,4,0,3,3,3
300,0,0,base,interview,srp,45112.73,0,1,22,2,Sombor,Sombor,3,0,4,0,3,3,3
303,0,0,base,interview,srp,45112.78,0,2,20,2,Beograd,Beograd,4,0,4,0,3,4,4
306,0,0,base,interview,srp,45112.81,0,2,21,1,Novi Sad,Novi Sad,4,0,4,0,3,4,4
308,0,0,base,interview,srp,45112.81,0,1,21,1,Novi Sad,Novi Sad,4,0,4,0,3,4,4
311,0,0,base,interview,srp,45112.85,0,1,21,2,Novi Sad,Novi Sad,4,0,4,0,3,3,3
313,0,0,base,interview,srp,45112.87,0,2,19,1,Gornji Milanovac,Gornji Milanovac,4,0,4,0,3,3,3
317,0,0,base,interview,srp,45112.95,0,1,21,2,Novi Sad,Novi Sad,4,0,4,0,3,4,3
319,0,0,base,interview,srp,45112.98,0,2,20,1,Temerin,Temerin,4,0,4,0,3,3,3
323,0,0,base,interview,srp,45113.01,0,2,20,2,Bačka Palanlka,Bačka Palanka,4,0,4,0,3,2,3
325,0,0,base,interview,srp,45113.02,0,2,20,2,Bačka Palanka,Bačka Palanka,4,0,4,0,3,2,3
327,0,0,base,interview,srp,45113.04,0,2,19,2,Bačka Palanka,Bačka Palanka,4,0,4,0,3,4,4
329,0,0,base,interview,srp,45113.33,0,1,26,2,Novi Sad,Senta,4,0,4,0,3,3,3
333,0,0,base,interview,srp,45113.39,0,2,20,1,Novi Sad,"Telep, Novi Sad",6,"polu-Srbin, polu-Mađar",4,0,3,3,3
335,0,0,base,interview,srp,45113.49,0,2,20,2,Kikinda,Herceg Novi,4,0,4,0,3,4,3
338,0,0,base,interview,srp,45113.56,0,2,20,1,Čačak,Čačak,4,0,4,0,3,3,3
340,0,0,base,interview,srp,45113.58,0,2,21,2,Sremska Mitrovica,Sremska Mitrovica,4,0,4,0,3,3,3
342,0,0,base,interview,srp,45113.58,0,1,21,2,Sremska Mitrovica,Sremska Mitrovica,4,0,4,0,3,3,3
345,0,0,base,interview,srp,45113.64,0,1,19,1,Ruma,Ruma,4,0,4,0,5,3,4
347,0,0,base,interview,srp,45113.71,0,1,22,2,Loznica,Loznica,4,0,4,0,3,4,4
349,0,0,base,interview,srp,45113.74,0,1,22,2,Novi Sad,Bečej,4,0,4,0,3,4,4
351,0,0,base,interview,bos,45113.82,0,2,22,2,Ugljevik,Ugljevik,4,0,1,0,3,3,3
353,0,0,base,interview,srp,45113.82,0,1,22,2,Novi Sad,Šabac,4,0,4,0,3,4,3
355,0,0,base,interview,srp,45113.95,0,1,19,2,"Novi Sad, Srbija","Šabac, Srbija",4,0,4,0,3,3,4
362,0,0,base,interview,srp,45114.97,0,2,23,2,Novi Sad,Novi Sad,4,0,4,0,3,3,3
365,0,0,base,interview,srp,45114.97,0,1,23,2,Novi Sad,Novi Sad,4,0,4,0,3,3,3
367,0,0,base,interview,srp,45115.79,0,2,19,1,Sombor,Valjevo,4,0,4,0,3,3,4
370,0,0,base,interview,srp,45117.59,0,1,20,2,Novi Sad,Novi Sad,4,0,4,0,3,3,3
372,0,0,base,interview,srp,45117.62,0,1,22,2,Novi Sad,Vršac,4,0,4,0,3,3,4
374,0,0,base,interview,srp,45117.84,0,2,22,2,Nis,Nis,4,0,4,0,3,5,4
377,0,0,base,interview,srp,45119.8,0,2,22,2,Novi Sad,Adaševci,4,0,4,0,3,3,3
384,0,0,base,interview,srp,45123.43,0,1,20,2,Kisač,Kisač,4,0,4,0,3,3,3
389,0,0,base,interview,srp,45126.06,0,2,20,2,Bačka Palanka,Bačka Palanka,4,0,4,0,3,3,3
393,0,0,base,interview,hrv,45147.57,0,1,25,1,Zagreb,Zagreb,3,0,3,0,4,4,4
398,0,0,base,interview,qaa,45147.64,0,2,25,2,Tivat,Tivat,2,0,2,0,4,4,3
401,0,0,base,interview,qaa,45147.65,0,1,23,2,Tivat,Tivat,2,0,2,0,5,5,5
404,0,0,base,interview,qaa,45147.69,0,1,49,1,Gošići,Tivat,4,0,2,0,3,3,2
406,0,0,base,interview,qaa,45147.73,0,1,24,2,Tivat,Tivat,4,0,2,0,4,5,4
412,0,0,base,interview,qaa,45148.55,0,2,24,2,Tivat,Tivat,4,0,2,0,4,5,4
414,0,0,base,interview,qaa,45148.57,0,1,25,2,Tivat,Tivat,2,0,2,0,4,4,3
416,0,0,base,interview,qaa,45148.83,0,1,52,1,Herceg Novi,Herceg Novi,4,0,2,0,3,3,2
418,0,0,base,interview,qaa,45148.84,0,1,25,1,Herceg Novi,Herceg Novi,4,0,2,0,4,4,4
420,0,0,base,interview,qaa,45148.88,0,1,42,1,Tivat,Tivat,6,Crna Gora,2,0,4,3,3
422,0,0,base,interview,qaa,45148.89,0,2,63,1,Herceg Novi,Herceg Novi,4,0,2,0,3,2,2
425,0,0,base,interview,qaa,45148.92,0,1,43,1,Beograd,Kotor,4,0,4,0,5,5,4
430,0,0,base,interview,srp,45148.94,0,2,21,2,Novi Sad,Bor,4,0,4,0,3,4,4
432,0,0,base,interview,srp,45148.94,0,1,19,2,Bor,Bor,4,0,4,0,3,3,4
433,0,0,base,interview,srp,45148.94,0,1,44,2,Bor,Bor,4,0,4,0,3,3,4
434,0,0,base,interview,srp,45148.94,0,1,20,1,Beograd,Bor,4,0,4,0,3,3,3
436,0,0,base,interview,srp,45148.94,0,1,22,1,Bor,Bor,4,0,4,0,3,5,5
442,0,0,base,interview,srp,45148.96,0,2,20,1,Bor,Bor,4,0,4,0,3,4,4
445,0,0,base,interview,srp,45148.97,0,2,24,2,Nis,Bor,4,0,4,0,3,5,4
447,0,0,base,interview,srp,45148.97,0,2,23,2,Beograd,Bor,4,0,4,0,3,4,3
449,0,0,base,interview,qaa,45149.04,0,1,45,1,Kotor,Kotor,4,0,2,0,5,4,4
452,0,0,base,interview,qaa,45149.29,0,2,64,1,Glavatičići,Radanovići,4,0,2,0,3,2,2
454,0,0,base,interview,srp,45149.39,0,1,27,2,Novi Pazar,Novi Pazar,1,0,4,0,5,3,5
456,0,0,base,interview,srp,45149.44,0,1,27,2,novi pazar,novi pazar,1,0,4,0,5,3,3
458,0,0,base,interview,srp,45149.44,0,1,27,2,novi pazar,novi pazar,1,0,4,0,5,3,3
460,0,0,base,interview,srp,45149.45,0,2,52,1,Novi Pazar,Novi Pazar,1,0,4,0,4,2,2
462,0,0,base,interview,srp,45149.46,0,2,16,2,Novi Pazar,Novi Pazar,1,0,4,0,2,3,4
464,0,0,base,interview,srp,45149.55,0,2,20,3,Vršac,Vršac,4,0,5,Holandija,3,5,4
466,0,0,base,interview,srp,45149.55,0,2,20,1,Vršac,Vršac,4,0,4,0,3,3,3
468,0,0,base,interview,srp,45149.56,0,1,22,2,Vršac,Vršac,4,0,4,0,3,3,3
469,0,0,base,interview,srp,45149.56,0,1,19,2,Vršac,Vršac,4,0,4,0,3,3,4
473,0,0,base,interview,srp,45149.56,0,2,20,3,Vršac,Vršac,4,0,4,0,3,5,4
475,0,0,base,interview,srp,45149.57,0,2,17,2,Vršac,Vršac,4,0,4,0,2,4,4
477,0,0,base,interview,srp,45149.57,0,1,16,2,Vršac,Vršac,6,Grkinja/ Srpkinja,4,0,2,4,4
478,0,0,base,interview,srp,45149.58,0,1,16,1,Vršac,Vršac,4,0,4,0,2,3,4
479,0,0,base,interview,srp,45149.58,0,1,18,2,Vršac,Vršac,4,0,4,0,2,5,5
480,0,0,base,interview,srp,45149.58,0,2,18,3,Vršac,Vršac,4,0,4,0,2,4,5
486,0,0,base,interview,srp,45149.59,0,1,18,1,Vrsac,Vrsac,6,rumun,4,0,3,4,4
488,0,0,base,interview,srp,45149.6,0,2,17,2,Vršac,Vršac,4,0,4,0,2,4,4
490,0,0,base,interview,srp,45149.68,0,2,20,1,Vršac,Vršac,4,0,4,0,3,3,3
493,0,0,base,interview,qaa,45149.72,0,1,45,2,Podgorica,Sarajevo,4,0,2,0,3,3,3
496,0,0,base,interview,qaa,45149.72,0,1,20,2,Podgorica,Podgorica,2,0,2,0,3,4,5
498,0,0,base,interview,qaa,45149.72,0,1,22,2,podgorica,podgorica,2,0,2,0,4,3,3
500,0,0,base,interview,srp,45149.72,0,0,43,2,Bor,Bor,0,0,4,0,4,4,4
501,0,0,base,interview,srp,45149.73,0,1,26,1,Bor,Bor,4,0,4,0,4,3,3
503,0,0,base,interview,qaa,45149.73,0,1,23,2,Podgorica,Podgorica,2,0,2,0,4,4,5
506,0,0,base,interview,srp,45149.73,0,2,33,2,Bor,Donji Milanovac,4,0,4,0,5,3,3
508,0,0,base,interview,qaa,45149.73,0,2,24,2,Podgorica,Podgorica,2,0,2,0,4,4,4
510,0,0,base,interview,qaa,45149.73,0,2,23,2,Podgorica,Podgorica,2,0,2,0,4,4,4
511,0,0,base,interview,qaa,45149.73,0,1,22,2,Podgorica,Podgorica,2,0,2,0,3,3,4
513,0,0,base,interview,qaa,45149.73,0,1,23,2,Podgorica,Podgorica,2,0,2,0,4,4,3
516,0,0,base,interview,qaa,45149.73,0,2,23,2,Tivat,Tivat,2,0,2,0,4,5,5
517,0,0,base,interview,srp,45149.73,0,1,44,2,Bor,Bor,4,0,4,0,4,3,2
521,0,0,base,interview,srp,45149.74,0,2,47,2,Beograd,Bor,4,0,4,0,4,4,4
523,0,0,base,interview,qaa,45149.74,0,2,24,2,Podgorica,Podgorica,2,0,2,0,5,2,3
525,0,0,base,interview,qaa,45149.75,0,1,22,2,Podgorica,Podgorica,2,0,2,0,3,3,4
527,0,0,base,interview,srp,45149.76,0,1,45,2,Bor,Bor,4,0,4,0,4,4,4
530,0,0,base,interview,srp,45149.77,0,1,51,2,Bor,Bor,4,0,4,0,4,3,2
533,0,0,base,interview,srp,45149.78,0,2,20,2,Bor,Bor,4,0,4,0,3,3,3
537,0,0,base,interview,qaa,45149.78,0,1,26,2,Pg,Pv,2,0,2,0,4,4,4
540,0,0,base,interview,srp,45149.79,0,1,20,1,Vršac,Vršac,4,0,4,0,3,5,5
541,0,0,base,interview,qaa,45149.79,0,2,26,1,Podgorica,Podgorica,2,0,2,0,4,3,3
546,0,0,base,interview,srp,45149.81,0,1,26,2,Beograd,Bor,4,0,4,0,4,4,4
548,0,0,base,interview,qaa,45149.83,0,1,19,1,Podgorica,Podgorica,2,0,2,0,3,4,3
550,0,0,base,interview,qaa,45149.9,0,2,23,2,Podgorica,Podgorica,2,0,2,0,5,5,5
557,0,0,base,interview,srp,45149.95,0,2,31,2,Bor,Bor,4,0,4,0,5,4,3
559,0,0,base,interview,srp,45149.98,0,2,45,2,Bor,Bor,4,0,4,0,3,4,3
561,0,0,base,interview,srp,45149.99,0,2,20,2,Bor,Bor,4,0,4,0,3,5,3
563,0,0,base,interview,srp,45150,0,1,40,2,Bor,Bor,4,0,4,0,4,3,4
566,0,0,base,interview,srp,45150.01,0,2,44,2,Bor,Bor,4,0,4,0,4,4,3
568,0,0,base,interview,srp,45150.06,0,1,30,1,Brestovac kod Bora,Brestovac kod Bora,5,0,5,Španija,5,3,4
570,0,0,base,interview,qaa,45150.06,0,1,23,2,Podgorica,Podgorica,4,0,2,0,3,3,4
572,0,0,base,interview,srp,45150.08,0,2,20,2,Bor,Dusan radovic,4,0,4,0,3,5,5
575,0,0,base,interview,srp,45150.48,0,1,22,2,Kragujevac,Kragujevac,4,0,4,0,3,4,3
576,0,0,base,interview,srp,45150.48,0,1,18,1,Kragujevac,Kragujevac,4,0,4,0,3,3,3
580,0,0,base,interview,srp,45150.48,0,1,21,2,Kragujevac,Kragujevac,4,0,4,0,3,3,3
582,0,0,base,interview,srp,45150.48,0,2,22,2,Kragujevac,Kragujevac,4,0,4,0,3,3,4
587,0,0,base,interview,qaa,45150.63,0,1,23,2,Tivat,Tivat,2,0,2,0,4,4,4
591,0,0,base,interview,qaa,45150.72,0,2,32,1,Podgorica,Zabjelo,2,0,2,0,4,4,4
595,0,0,base,interview,srp,45154.58,0,2,23,2,Subotica,Subotica,4,0,4,0,3,4,4
597,0,0,base,interview,srp,45154.58,0,1,15,2,Novi Sad,Novi Sad,4,0,4,0,2,3,4
599,0,0,base,interview,srp,45154.58,0,2,15,2,Novi Sad,Novi Sad,4,0,4,0,2,3,4
601,0,0,base,interview,srp,45154.59,0,2,20,2,Novi Sad,Novi Sad,6,Rusinka,4,0,3,4,5
604,0,0,base,interview,bos,45154.59,0,2,15,2,Brčko,Brčko,4,0,1,0,2,3,4
606,0,0,base,interview,srp,45154.59,0,2,31,2,Novi Sad,Kladovo,5,0,4,0,3,5,3
609,0,0,base,interview,srp,45154.59,0,1,32,1,Indjija,Indjija,4,0,4,0,3,3,3
611,0,0,base,interview,bos,45154.59,0,1,17,2,Zvornik,Zvornik,4,0,1,0,2,4,4
614,0,0,base,interview,srp,45154.6,0,1,20,1,Кладово,Кладово,4,0,4,0,3,3,3
618,0,0,base,interview,srp,45154.6,0,2,15,2,Novi Sad,Novi Sad,4,0,4,0,2,3,4
619,0,0,base,interview,srp,45154.6,0,2,28,1,Bečej,Bečej,4,0,4,0,4,4,4
624,0,0,base,interview,bos,45154.61,0,2,20,2,Bijeljina,Bijeljina,4,0,1,0,3,4,4
625,0,0,base,interview,bos,45154.61,0,2,21,2,Bijeljina,Bijeljina,4,0,1,0,4,4,4
630,0,0,base,interview,bos,45154.62,0,2,60,1,Kalesija,Kalesija,4,0,1,0,4,2,1
631,0,0,base,interview,srp,45154.62,0,1,26,2,Subotica,Čantavir,4,0,4,0,3,3,3
635,0,0,base,interview,srp,45154.62,0,1,26,2,Subotica,Subotica,4,0,4,0,3,3,2
637,0,0,base,interview,srp,45154.62,0,2,26,2,Subotica,Subotica,4,0,4,0,3,3,2
638,0,0,base,interview,bos,45154.62,0,1,17,2,Zvornik,Zvornik,4,0,1,0,2,3,3
639,0,0,base,interview,srp,45154.62,0,2,20,1,Kladovo,Kladovo,4,0,4,0,3,4,3
644,0,0,base,interview,srp,45154.63,0,2,21,2,Vršac,Vršac,4,0,4,0,3,2,3
646,0,0,base,interview,bos,45154.63,0,1,56,2,Mrkonjić Grad,Podrašnica,4,0,1,0,4,2,1
648,0,0,base,interview,bos,45154.64,0,1,25,1,Nevesinje,Nevesinje,4,0,1,0,3,3,3
652,0,0,base,interview,bos,45154.64,0,1,"56,za koji dan",2,Nevesinje,Kifino selo,4,0,1,0,3,2,2
653,0,0,base,interview,bos,45154.64,0,1,25,2,Nevesinje,Nevesinje,4,0,1,0,4,3,3
655,0,0,base,interview,bos,45154.64,0,1,25,1,Mostar,mostar,4,0,1,0,3,3,3
656,0,0,base,interview,bos,45154.64,0,1,22,2,Nevesinje,Nevesinje,4,0,1,0,3,3,4
660,0,0,base,interview,bos,45154.65,0,2,20,2,Nevesinje,Nevesinje,4,0,1,0,3,3,4
662,0,0,base,interview,srp,45154.66,0,1,46,2,Sremski Karlovci,Novi Sad,4,0,4,0,3,4,3
664,0,0,base,interview,srp,45154.66,0,2,21,1,Inđija,Novi Sad,4,0,4,0,3,3,3
667,0,0,base,interview,srp,45154.67,0,2,36,1,Groningen,Zrenjanin,4,0,5,Holandija,5,4,4
668,0,0,base,interview,srp,45154.67,0,2,21,2,Vranje,Vranje,4,0,4,0,3,3,3
670,0,0,base,interview,bos,45154.67,0,1,23,1,Nevesinje,Nevesinje,4,0,1,0,4,3,3
673,0,0,base,interview,srp,45154.67,0,2,59,2,Becej,Becej,5,0,4,0,3,3,2
676,0,0,base,interview,bos,45154.68,0,1,38,1,Bileća,Bileća,4,0,1,0,4,2,2
678,0,0,base,interview,bos,45154.69,0,2,22,2,Novi Sad,Lopare,4,0,4,0,3,3,3
682,0,0,base,interview,srp,45154.72,0,1,23,1,Subotica,Subotica,4,0,4,0,3,4,4
684,0,0,base,interview,srp,45154.72,0,1,22,2,BEOGRAD,BEOGRAD,4,0,4,0,4,3,2
686,0,0,base,interview,bos,45154.73,0,1,20,2,Nevesinje,Nevesinje,4,0,1,0,3,3,3
687,0,0,base,interview,srp,45154.73,0,2,53,1,Sremski Karlovci,Sremski Karlovci,4,0,4,0,3,3,3
690,0,0,base,interview,srp,45154.81,0,1,18,2,Nis,Nis,4,0,4,0,3,4,5
692,0,0,base,interview,srp,45154.81,0,1,18,2,Nis,Nis,4,0,4,0,3,4,5
695,0,0,base,interview,srp,45154.81,0,1,20,1,Niš,Osnovna Škola Sveti Sava,4,0,4,0,3,4,3
696,0,0,base,interview,srp,45154.82,0,2,19,1,Niš,Niš,4,0,4,0,3,3,4
698,0,0,base,interview,srp,45154.82,0,1,18,1,Niš,Niš,4,0,4,0,3,3,4
702,0,0,base,interview,srp,45154.82,0,2,19,1,Niš,"OŠ, Sveti Sava",4,0,4,0,3,4,3
705,0,0,base,interview,srp,45154.82,0,2,20,2,Novi Bečej,Novi Bečej,4,0,4,0,3,3,4
706,0,0,base,interview,srp,45154.82,0,2,20,2,Erdevik,Erdevik,4,0,4,0,3,3,3
708,0,0,base,interview,srp,45154.82,0,1,23,2,Inđija,Inđija,4,0,4,0,4,3,3
709,0,0,base,interview,srp,45154.82,0,1,19,2,"Niš, Srbija",Niš,4,0,4,0,3,5,4
713,0,0,base,interview,srp,45154.82,0,1,21,2,"Prokuplje, Novi Sad",Prokuplje,4,0,4,0,3,5,5
714,0,0,base,interview,srp,45154.82,0,2,20,2,Erdevik,Erdevik,4,0,4,0,3,3,3
717,0,0,base,interview,srp,45154.83,0,2,20,1,Kanjiža,Kanjiža,6,Mađar,4,0,3,3,4
720,0,0,base,interview,srp,45154.83,0,1,18,1,Prokuplje,Prokuplje,2,0,4,0,3,3,4
722,0,0,base,interview,srp,45154.84,0,2,21,2,Novi Sad,Novi Sad,4,0,4,0,3,3,4
723,0,0,base,interview,srp,45154.84,0,1,20,2,Novi Sad,Novi Sad,4,0,4,0,3,3,3
726,0,0,base,interview,srp,45154.84,0,1,21,1,Novi Sad,Novi Sad,4,0,4,0,3,3,5
727,0,0,base,interview,srp,45154.84,0,2,49,2,Novi Sad,Novi Kneževac,4,0,4,0,4,4,3
731,0,0,base,interview,srp,45154.84,0,2,23,1,Srbobran,Srbobran,4,0,4,0,3,3,3
733,0,0,base,interview,srp,45154.84,0,1,19,1,Bajmok,Bajmok,5,0,4,0,3,3,3
735,0,0,base,interview,hrv,45154.84,0,2,45,1,Osijek,Bugojno,4,0,3,0,3,3,2
737,0,0,base,interview,srp,45154.85,0,2,20,2,Niš,Niš,4,0,4,0,3,5,4
739,0,0,base,interview,bos,45154.86,0,2,19,1,Тобут,Лопаре,4,0,1,0,3,2,3
740,0,0,base,interview,hrv,45154.86,0,2,45,2,Osijek,Vukovar,3,0,3,0,3,4,2
743,0,0,base,interview,srp,45154.86,0,2,20,2,Niš,Niš,4,0,4,0,3,4,4
745,0,0,base,interview,srp,45154.86,0,1,18,2,Ruma,Ruma,4,0,4,0,3,2,3
746,0,0,base,interview,srp,45154.86,0,1,18,2,Ruma,Ruma,4,0,4,0,3,2,3
747,0,0,base,interview,srp,45154.86,0,1,19,1,Hrtkovci,Hrtkovci,4,0,4,0,3,3,3
748,0,0,base,interview,srp,45154.86,0,1,18,1,Ruma,Ruma,4,0,4,0,3,3,3
749,0,0,base,interview,srp,45154.86,0,1,18,2,ruma,ruma,4,0,4,0,2,3,3
750,0,0,base,interview,srp,45154.86,0,2,18,2,Ruma,Ruma,4,0,4,0,3,4,4
753,0,0,base,interview,srp,45154.86,0,2,18,2,Ruma,Ruma,4,0,4,0,2,3,3
754,0,0,base,interview,srp,45154.86,0,2,18,2,Ruma,Ruma,4,0,4,0,3,3,3
761,0,0,base,interview,srp,45154.86,0,2,18,1,Ruma,Ruma,4,0,4,0,2,3,4
762,0,0,base,interview,srp,45154.87,0,2,19,2,Dobrinci,Ruma,4,0,4,0,3,3,3
765,0,0,base,interview,srp,45154.87,0,2,18,1,Budjanovci,Budjanovci,4,0,4,0,2,3,3
767,0,0,base,interview,srp,45154.87,0,1,18,1,Ruma,Kovilj,4,0,4,0,3,3,3
771,0,0,base,interview,srp,45154.87,0,2,20,1,Рума,Пећинци,1,0,4,0,3,3,3
775,0,0,base,interview,srp,45154.87,0,1,18,2,Ruma,Ruma,4,0,4,0,2,3,3
776,0,0,base,interview,srp,45154.87,0,2,18,2,Budjanovci,Budjanovci,4,0,4,0,3,3,3
784,0,0,base,interview,srp,45154.87,0,1,18,2,Vrdnik,Vrdnik,4,0,4,0,2,4,3
788,0,0,base,interview,srp,45154.87,0,0,0,0,0,0,0,0,0,0,0,0,0
790,0,0,base,interview,srp,45154.87,0,1,18,2,Ruma,Ruma,4,0,4,0,3,3,4
796,0,0,base,interview,srp,45154.88,0,0,18,2,0,0,0,0,0,0,0,0,0
800,0,0,base,interview,srp,45154.88,0,1,18,2,Grabovci,Grabovci,4,0,4,0,2,3,3
802,0,0,base,interview,srp,45154.88,0,2,18,2,Ruma,Ruma,4,0,4,0,2,3,3
803,0,0,base,interview,srp,45154.88,0,2,18,2,Ruma,Pecinci,4,0,4,0,2,3,4
809,0,0,base,interview,srp,45154.88,0,2,18,2,Ruma,Ruma,4,0,4,0,3,3,3
813,0,0,base,interview,bos,45154.88,0,1,28,2,Nevesinje,Nevesinje,5,0,1,0,3,3,3
814,0,0,base,interview,srp,45154.88,0,1,18,2,Irig,Irig,4,0,4,0,2,3,3
815,0,0,base,interview,srp,45154.88,0,1,18,1,Donji Petrovci,Putinci,4,0,4,0,2,3,3
819,0,0,base,interview,srp,45154.89,0,1,18,2,Irig,Irig,4,0,4,0,2,3,3
822,0,0,base,interview,srp,45154.89,0,2,18,2,Ruma,Ruma,4,0,4,0,3,3,3
824,0,0,base,interview,srp,45154.89,0,1,20,2,Novi Sad,Novi Sad,4,0,4,0,3,3,3
826,0,0,base,interview,srp,45154.92,0,2,24,2,Novi Sad,Sombor,4,0,4,0,3,2,4
828,0,0,base,interview,srp,45154.95,0,2,18,2,Рума,Рума,4,0,4,0,3,2,3
830,0,0,base,interview,srp,45154.96,0,2,18,2,Ruma,Ruma,4,0,4,0,2,3,3
833,0,0,base,interview,srp,45154.97,0,1,18,2,Ruma,Irig,4,0,4,0,3,3,3
835,0,0,base,interview,srp,45154.98,0,1,18,2,Ruma,Ruma,4,0,4,0,3,3,3
837,0,0,base,interview,srp,45154.98,0,2,18,2,Ruma,Ruma,4,0,4,0,2,3,3
839,0,0,base,interview,bos,45155,0,1,50,2,Bijeljina,Bugojno,4,0,1,0,3,2,2
841,0,0,base,interview,bos,45155,0,2,23,2,Nevesinje,Nevesinje,4,0,1,0,3,3,3
843,0,0,base,interview,bos,45155.03,0,1,25,1,Bileća,Bileća,4,0,1,0,3,3,3
847,0,0,base,interview,bos,45155.04,0,2,25,1,Bileća,Bileća,4,0,1,0,3,3,3
850,0,0,base,interview,srp,45155.38,0,2,18,2,Ruma,Ruma,4,0,4,0,2,3,3
853,0,0,base,interview,bos,45155.39,0,2,22,2,Nevesinje,Nevesinje,4,0,1,0,3,3,3
855,0,0,base,interview,bos,45155.39,0,2,22,2,Nevesinje,Nevesinje,4,0,1,0,3,3,3
859,0,0,base,interview,bos,45155.41,0,2,23,2,Nevesinje,Nevesinje,4,0,1,0,3,3,3
861,0,0,base,interview,bos,45155.41,0,1,25,2,Bijeljina,Banja Luka,4,0,1,0,4,3,2
863,0,0,base,interview,bos,45155.42,0,1,25,2,Bijeljina,Banja Luka,4,0,1,0,4,3,2
865,0,0,base,interview,bos,45155.42,0,1,22,2,Nevesinje,Nevesinje,4,0,1,0,3,3,3
867,0,0,base,interview,srp,45155.43,0,2,29,2,Kladovo,Kladovo,4,0,4,0,4,3,3
869,0,0,base,interview,srp,45155.48,0,1,31,2,Kladovo,Kladovo,4,0,4,0,4,3,3
871,0,0,base,interview,bos,45155.5,0,1,23,2,Nevesinje,Nevesinje,4,0,1,0,4,3,3
874,0,0,base,interview,srp,45155.5,0,1,24,2,Bačka Palanka,Valjevo,4,0,4,0,3,3,3
876,0,0,base,interview,hrv,45155.51,0,2,41,2,Bilje,Osijek,3,0,3,0,3,3,3
878,0,0,base,interview,hrv,45155.52,0,1,41,2,Bilje,Osijek,3,0,3,0,3,3,3
880,0,0,base,interview,srp,45155.58,0,2,18,2,Ruma,Ruma,4,0,4,0,3,2,2
882,0,0,base,interview,srp,45155.58,0,1,18,2,Ruma,Ruma,4,0,4,0,3,3,3
884,0,0,base,interview,srp,45155.85,0,1,18,2,Grabovci,Grabovci,4,0,4,0,2,3,2
886,0,0,base,interview,srp,45155.86,0,2,17,2,Ruma,Ruma,4,0,4,0,2,3,3
888,0,0,base,interview,srp,45155.96,0,1,18,2,Ruma,Ruma,4,0,4,0,2,3,3
891,0,0,base,interview,bos,45155.96,0,2,21,2,Zvornik,Zvornik,4,0,1,0,3,3,3
893,0,0,base,interview,bos,45156.4,0,1,23,2,Nevesinje,Nevesinje,4,0,1,0,4,3,3
895,0,0,base,interview,qaa,45156.46,0,2,24,2,Podgorica,Podgorica,2,0,2,0,4,3,3
897,0,0,base,interview,srp,45156.48,0,1,19,2,Ruma,Ruma,4,0,4,0,3,3,4
899,0,0,base,interview,qaa,45156.56,0,2,80,1,Herceg-Novi,Herceg-Novi,4,0,2,0,4,3,3
901,0,0,base,interview,srp,45156.6,0,2,22,2,Padej,Padej,6,Srpkinja/Mađarica,4,0,3,3,4
903,0,0,base,interview,srp,45156.71,0,1,19,1,Ruma,Ruma,4,0,4,0,3,3,4
905,0,0,base,interview,bos,45156.78,0,2,22,2,Zvornik,Zvornik,4,0,1,0,4,3,3
907,0,0,base,interview,qaa,45156.81,0,1,22,1,Nikšić,Nikšić,2,0,2,0,4,3,3
909,0,0,base,interview,bos,45156.87,0,2,36,1,Nevesinje,Nevesinje,4,0,1,0,3,3,3
911,0,0,base,interview,hrv,45157.55,0,2,26,2,Osijek,"Bilje, Hrvatska",3,0,3,0,4,3,3
913,0,0,base,interview,srp,45157.68,0,2,21,2,Novi Sad,Šabac,4,0,4,0,3,4,4
921,0,0,base,interview,bos,45159.37,0,1,36,1,Nevesinje,Nevesinje,4,0,1,0,3,3,2
923,0,0,base,interview,srp,45159.48,0,2,26,2,Subotica,Subotica,6,Madjarica/Crnogorka,4,0,4,3,3
924,0,0,base,interview,srp,45159.48,0,2,26,1,Subotica,Subotica,4,0,4,0,3,2,3
927,0,0,base,interview,srp,45159.67,0,2,18,2,Ruma,Ruma,4,0,4,0,2,3,3
931,0,0,base,interview,hrv,45160.59,0,2,47,2,Osijek,Osijek,3,0,3,0,3,2,2
938,0,0,base,interview,srp,45160.77,0,2,26,2,Subotica,Subotica,4,0,4,0,4,3,3
941,0,0,base,interview,srp,45160.84,0,2,18,2,Ruma,Runa,4,0,4,0,3,3,2
943,0,0,base,interview,srp,45160.87,0,2,18,2,Ruma,Ruma,4,0,4,0,2,3,3
946,0,0,base,interview,qaa,45161.58,0,2,49,1,TIVAT,TIVAT,4,0,2,0,2,3,2
948,0,0,base,interview,srp,45161.63,0,2,17,2,Ruma,Ruma,4,0,4,0,2,3,5
957,0,0,base,interview,hrv,45162.86,0,2,43,2,Bilje,Osijek,6,Mađarica,3,0,4,3,3
962,0,0,base,interview,hrv,45176.94,0,1,25,2,Zagreb,Zagreb,3,0,3,0,3,3,4
964,0,0,base,interview,hrv,45180.92,0,1,48,2,Osijek,Osijek,5,0,3,0,5,4,4
966,0,0,base,interview,hrv,45181.52,0,1,32,1,Zagreb,Zagreb,3,0,3,0,5,3,3
969,0,0,base,interview,hrv,45181.54,0,1,27,2,Zagreb,Novska,3,0,3,0,4,3,3
970,0,0,base,interview,hrv,45181.54,0,2,24,1,Dugo Selo,Dugo Selo,3,0,3,0,3,3,4
973,0,0,base,interview,hrv,45181.55,0,1,36,2,Zagreb,Novigrad,3,0,3,0,5,3,3
975,0,0,base,interview,hrv,45181.55,0,2,29,1,Zagreb,Zagreb,3,0,3,0,4,4,4
977,0,0,base,interview,hrv,45181.57,0,1,20,2,Zagreb,Zagreb,3,0,3,0,3,4,4
979,0,0,base,interview,hrv,45181.58,0,2,32,2,Zagreb,Zagreb,3,0,3,0,4,4,3
981,0,0,base,interview,hrv,45181.59,0,2,25,2,Zagreb,Zagreb,3,0,3,0,4,4,4
988,0,0,base,interview,hrv,45182.54,0,1,36,2,Zagreb,Osijek,3,0,3,0,5,4,3
990,0,0,base,interview,hrv,45182.81,0,2,33,2,Zagreb,Belišće,3,0,3,0,4,3,4
992,0,0,base,interview,hrv,45182.81,0,2,33,2,Zagreb,Belišće,3,0,3,0,4,3,4
994,0,0,base,interview,hrv,45182.91,0,2,32,2,Varaždin,Bedekovčina,3,0,3,0,4,3,3
997,0,0,base,interview,srp,45183.97,0,2,39,2,Laznica,Laznica,6,Vlajna,4,0,2,3,2
999,0,0,base,interview,srp,45183.98,0,2,39,2,Laznica,Laznica,6,Vlajna,4,0,2,3,2
1001,0,0,base,interview,srp,45184.4,0,2,36,2,Beograd,Obrenovac,4,0,4,0,5,4,4
1003,0,0,base,interview,srp,45184.46,0,1,36,1,Beograd,Beograd,5,0,4,0,4,4,4
1005,0,0,base,interview,srp,45184.47,0,2,34,2,Beograd,Beograd,5,0,4,0,5,3,3
1007,0,0,base,interview,srp,45184.52,0,0,0,0,0,0,0,0,0,0,0,0,0
1009,0,0,base,interview,srp,45184.57,0,1,34,1,Beograd,Šabac,4,0,4,0,5,4,3
1012,0,0,base,interview,srp,45184.61,0,2,37,2,Beograd,Pirot,4,0,4,0,5,4,4
1014,0,0,base,interview,srp,45184.64,0,2,36,2,Beograd,Brus,4,0,4,0,5,4,4
1016,0,0,base,interview,srp,45184.79,0,2,37,2,Београд,Лозница,4,0,4,0,4,4,4
1019,0,0,base,interview,hrv,45185.39,0,2,20,2,Osijek,Osijek,3,0,3,0,3,2,3
1021,0,0,base,interview,hrv,45185.43,0,2,20,2,Osijek,Osijek,3,0,3,0,3,3,5
1023,0,0,base,interview,hrv,45185.48,0,2,19,2,Osijek,Osijek,3,0,3,0,3,4,4
1025,0,0,base,interview,hrv,45185.48,0,2,20,2,Slatina,Slatina,3,0,3,0,3,3,3
1028,0,0,base,interview,hrv,45185.5,0,2,19,2,Podravski Podgajci,Podravski Podgajci,3,0,3,0,3,4,4
1032,0,0,base,interview,hrv,45185.53,0,1,20,2,Zagreb,Semeljci,3,0,3,0,3,4,3
1035,0,0,base,interview,hrv,45185.74,0,1,20,2,Vukovar,Vukovar,3,0,3,0,3,3,5
1038,0,0,base,interview,hrv,45186.09,0,2,20,1,Osijek,Osijek,3,0,3,0,3,4,4
1040,0,0,base,interview,hrv,45186.09,0,1,20,1,Osijek,Osijek,3,0,3,0,3,4,4
1043,0,0,base,interview,hrv,45186.09,0,1,20,1,Osijek,Osijek,3,0,3,0,3,4,4
1045,0,0,base,interview,hrv,45186.24,0,2,21,2,Orašje,Orašje,3,0,1,0,3,4,2
1047,0,0,base,interview,hrv,45186.56,0,1,20,2,Osijek,Požega,3,0,3,0,3,3,5
1050,0,0,base,interview,hrv,45188.74,0,1,42,1,Zagreb,Zagreb,3,0,3,0,5,4,5
1053,0,0,base,interview,hrv,45188.76,0,2,40,1,Jastrebarsko,Jastrebarsko,3,0,3,0,3,3,3
1055,0,0,base,interview,hrv,45188.76,0,2,30,2,Zagreb,Šemovec,3,0,3,0,4,3,4
1058,0,0,base,interview,hrv,45188.76,0,2,43,2,Zagreb,Zagreb,3,0,3,0,5,2,4
1063,0,0,base,interview,hrv,45188.76,0,2,48,2,Zagreb,Blato na Korčuli,3,0,3,0,5,3,4
1065,0,0,base,interview,hrv,45188.76,0,1,43,2,Zagreb,Ljubljana,6,Slovenka,3,0,4,5,4
1066,0,0,base,interview,srp,45188.76,0,2,33,1,Beograd,Užice,5,0,4,0,5,3,3
1069,0,0,base,interview,hrv,45188.77,0,1,20,2,Đakovo,Đakovo,3,0,3,0,3,3,3
1072,0,0,base,interview,hrv,45188.78,0,2,20,2,Osijek,Osijek,3,0,3,0,3,4,4
1075,0,0,base,interview,hrv,45188.79,0,2,28,2,Zagreb,Petrijanec,3,0,3,0,5,3,3
1076,0,0,base,interview,hrv,45188.79,0,2,35,2,Osijek,Osijek,3,0,3,0,5,4,3
1079,0,0,base,interview,hrv,45188.79,0,2,34,1,Zagreb,Delnice,3,0,3,0,4,3,3
1082,0,0,base,interview,hrv,45188.79,0,2,28,2,Zagreb,Zadar,3,0,3,0,4,3,4
1085,0,0,base,interview,hrv,45188.79,0,2,40,1,Zagreb,Čakovec,3,0,3,0,5,3,3
1088,0,0,base,interview,hrv,45188.8,0,1,34,2,zagreb,dubrovnik,5,0,3,0,4,3,3
1089,0,0,base,interview,hrv,45188.8,0,2,45,1,Zagreb,Zagreb,3,0,3,0,3,4,4
1091,0,0,base,interview,hrv,45188.8,0,1,46,2,Zagreb,Split,3,0,3,0,5,4,4
1093,0,0,base,interview,hrv,45188.81,0,1,23,1,Zagreb,Zagreb,3,0,3,0,3,4,4
1096,0,0,base,interview,hrv,45188.82,0,1,31,1,Zagreb,Zagreb,5,0,3,0,4,4,4
1097,0,0,base,interview,hrv,45188.82,0,1,34,2,Zagreb,Zagreb,3,0,3,0,4,4,4
1099,0,0,base,interview,hrv,45188.83,0,2,53,2,Zagreb,Zagreb,3,0,3,0,4,4,3
1101,0,0,base,interview,hrv,45188.83,0,2,41,2,Zagreb,Zagreb,3,0,3,0,5,5,5
1103,0,0,base,interview,hrv,45188.84,0,2,46,2,Zagreb,Dubrovnik,3,0,3,0,4,4,3
1107,0,0,base,interview,hrv,45188.86,0,1,30,1,Sisak,Sisak,5,0,3,0,4,4,4
1110,0,0,base,interview,hrv,45188.89,0,1,31,2,"Viškovo, Primorsko-goranska",Rijeka,3,0,3,0,4,3,3
1111,0,0,base,interview,qaa,45188.89,0,2,37,2,Nikšić,Nikšić,2,0,2,0,5,3,3
1113,0,0,base,interview,srp,45188.89,0,2,73,1,Beograd,Banjaluka,4,0,4,0,4,3,3
1117,0,0,base,interview,srp,45188.92,0,2,37,1,Beograd,Beograd,4,0,4,0,5,4,4
1119,0,0,base,interview,hrv,45188.94,0,1,29,1,Zagreb,Varaždin,3,0,3,0,4,4,4
1124,0,0,base,interview,srp,45188.96,0,1,36,1,Beograd,Vlasotince,4,0,4,0,5,4,5
1127,0,0,base,interview,hrv,45189.01,0,1,46,1,X,Pula,3,0,5,X,5,3,3
1129,0,0,base,interview,hrv,45189.01,0,2,26,2,Hrvatska,Hrvatska,3,0,3,0,3,3,3
1133,0,0,base,interview,hrv,45189.31,0,1,24,1,Kastav,Matulji,3,0,3,0,4,3,4
1135,0,0,base,interview,hrv,45189.33,0,1,26,2,Zagreb,Zagreb,3,0,3,0,4,4,4
1137,0,0,base,interview,hrv,45189.34,0,2,36,2,Zagreb,Orahovica,3,0,3,0,4,3,3
1139,0,0,base,interview,hrv,45189.41,0,1,42,2,Zagreb,Čakovec,3,0,3,0,4,3,3
1141,0,0,base,interview,hrv,45189.41,0,1,30,1,Zagreb,Split,3,0,3,0,5,4,3
1145,0,0,base,interview,bos,45189.47,0,1,49,1,Sarajevo,Sarajevo,1,0,1,0,4,4,3
1147,0,0,base,interview,hrv,45189.51,0,0,36,1,0,Trilj,3,0,3,0,4,4,3
1150,0,0,base,interview,hrv,45189.75,0,1,39,1,Zagreb,Zagreb,3,0,3,0,4,4,3
1153,0,0,base,interview,hrv,45189.85,0,1,23,2,Zagreb,Zagreb,3,0,3,0,3,4,4
1155,0,0,base,interview,hrv,45189.9,0,1,48,2,Zagreb,Trogir,3,0,3,0,3,3,3
1158,0,0,base,interview,hrv,45189.92,0,2,47,2,Zagreb,Zagreb,3,0,3,0,4,3,4
1161,0,0,base,interview,hrv,45190.3,0,2,33,2,Karlovac,Karlovac,3,0,3,0,4,3,3
1164,0,0,base,interview,hrv,45190.59,0,2,35,1,Zagreb,Zadar,3,0,3,0,4,4,4
1166,0,0,base,interview,srp,45190.67,0,2,23,1,Novi Sad,Novi Sad,4,0,4,0,4,4,3
1168,0,0,base,interview,srp,45190.84,0,2,39,1,Beograd,Aleksinac,4,0,4,0,5,3,3
1171,0,0,base,interview,hrv,45192.52,0,2,40,1,Zagreb,Zagreb,3,0,3,0,3,4,4
1173,0,0,base,interview,hrv,45192.55,0,2,41,1,Velika Gorica,Velika Gorica,3,0,3,0,4,5,3
1175,0,0,base,interview,hrv,45194.57,0,1,20,1,zg,zg,5,0,3,0,3,1,1
1177,0,0,base,interview,hrv,45199.63,0,2,31,2,Hrvatsko zagorje,Ivanska,3,0,3,0,4,3,3
1180,0,0,base,interview,hrv,45201.64,0,2,26,2,zagreb,srinjine,3,0,3,0,4,3,3
1182,0,0,base,interview,srp,45211.77,0,2,27,2,Vranje,Vranje,4,0,4,0,4,3,3
1184,0,0,base,interview,srp,45212.41,0,1,27,2,"Vranje, Niš",Vranje,4,0,4,0,4,3,3
1186,0,0,base,interview,srp,45212.42,0,1,22,2,Vranje,Vranje,4,0,4,0,4,3,3
1191,0,0,base,interview,srp,45212.62,0,2,48,2,Leskovac,Leskovac,4,0,4,0,4,4,3
1193,0,0,base,interview,srp,45212.62,0,1,18,1,Leskovac,Leskovac,4,0,4,0,2,5,4
1194,0,0,base,interview,srp,45212.62,0,2,43,2,Leskovac,Leskovac,4,0,4,0,4,4,3
1197,0,0,base,interview,srp,45212.63,0,1,44,2,Leskovac,Leskovac,4,0,4,0,4,3,3
1199,0,0,base,interview,srp,45212.63,0,1,52,2,Leskovac,Vučje,4,0,4,0,4,3,3
1200,0,0,base,interview,srp,45212.63,0,2,42,2,Leskovac,Leskovac,4,0,4,0,4,4,4
1201,0,0,base,interview,srp,45212.63,0,2,44,2,Leskovac,Leskovac,4,0,4,0,4,3,3
1206,0,0,base,interview,srp,45212.64,0,2,42,2,Leskovac,Leskovac,4,0,4,0,4,4,4
1208,0,0,base,interview,srp,45212.65,0,2,27,2,Niš,Niš,4,0,4,0,4,4,4
1210,0,0,base,interview,srp,45212.67,0,1,27,2,Niš,Niš,4,0,4,0,4,4,4
1212,0,0,base,interview,srp,45212.7,0,1,20,2,Niš,Niš,4,0,4,0,3,4,4
1213,0,0,base,interview,srp,45212.7,0,2,18,2,Niš,Niš,4,0,4,0,3,4,4
1216,0,0,base,interview,srp,45212.76,0,2,48,2,Leskovac,Leskovac,4,0,4,0,4,4,3
1218,0,0,base,interview,srp,45212.81,0,1,27,1,Niš,Niš,4,0,4,0,4,5,4
1220,0,0,base,interview,srp,45212.81,0,2,22,1,Niš,Niš,4,0,4,0,3,3,4
1222,0,0,base,interview,srp,45212.81,0,1,22,1,Niš,Niš,4,0,4,0,3,3,4
1228,0,0,base,interview,srp,45212.89,0,2,27,2,Niš,Niš,4,0,4,0,5,3,3
1230,0,0,base,interview,srp,45212.9,0,2,36,2,Vranje,Vranje,4,0,4,0,4,4,3
1232,0,0,base,interview,srp,45212.9,0,1,26,2,Vranje,Vranje,4,0,4,0,5,3,3
1234,0,0,base,interview,srp,45212.91,0,2,38,2,Vranje,Vranje,4,0,4,0,4,3,3
1235,0,0,base,interview,srp,45212.91,0,2,25,2,Vranje,Trgoviste,4,0,4,0,4,1,4
1238,0,0,base,interview,srp,45212.91,0,1,20,2,"Veliko Ropotovo, KiM",Veliko Ropotovo,4,0,4,0,3,4,4
1239,0,0,base,interview,srp,45212.92,0,0,0,0,0,0,0,0,0,0,0,0,0
1242,0,0,base,interview,srp,45212.92,0,1,27,2,BUJANOVAC,BUJANOVAC,4,0,4,0,5,3,4
1246,0,0,base,interview,srp,45213,0,1,22,2,Leskovac,Leskovac,4,0,4,0,4,3,3
1248,0,0,base,interview,srp,45213.35,0,2,20,2,Vranje,Vranje,4,0,4,0,3,2,3
1250,0,0,base,interview,srp,45213.39,0,2,28,2,Mladenovac,Mladenovac,4,0,4,0,4,3,3
1252,0,0,base,interview,srp,45213.45,0,1,27,2,Niš,Niš,4,0,4,0,3,5,4
1254,0,0,base,interview,srp,45213.63,0,1,23,2,Vranje,Vranje,4,0,4,0,3,4,1
1257,0,0,base,interview,srp,45213.88,0,2,22,1,Prokuplje,Prokuplje,4,0,4,0,3,4,4
1262,0,0,base,interview,srp,45213.95,0,2,48,2,Leskovac,Leskovac,4,0,4,0,4,3,2
1264,0,0,base,interview,srp,45213.95,0,1,48,1,Leskovac,Led,4,0,4,0,3,3,3
1269,0,0,base,interview,srp,45214.3,0,2,47,2,Leskovac,Leskovac,4,0,4,0,4,3,3
1273,0,0,base,interview,srp,45214.33,0,1,48,1,leskovac,leskovac,4,0,4,0,3,3,3
1275,0,0,base,interview,srp,45214.94,0,1,21,2,Leskovac,Bošnjace,4,0,4,0,3,4,4
1277,0,0,base,interview,srp,45215.45,0,2,48,2,Leskovac,Leskovac,4,0,4,0,4,3,3
1280,0,0,base,interview,srp,45215.6,0,2,44,2,Vranje,Vranje,4,0,4,0,5,4,3
1282,0,0,base,interview,srp,45215.61,0,1,44,2,Vranje,Vranje,4,0,4,0,5,4,3
1284,0,0,base,interview,srp,45215.64,0,1,27,2,Niš,Niš,4,0,4,0,3,4,4
1286,0,0,base,interview,srp,45215.7,0,2,32,2,Лесковац,Бошњаце,4,0,4,0,5,3,3
1288,0,0,base,interview,srp,45215.72,0,2,23,2,VRANJE,VRANJE,4,0,4,0,3,3,3
1290,0,0,base,interview,srp,45215.96,0,2,26,2,Niš,Pirot,4,0,4,0,5,4,3
1294,0,0,base,interview,srp,45217.47,0,0,0,0,0,0,0,0,0,0,0,0,0
1296,0,0,base,interview,bos,45218.42,0,2,24,2,Berkovici,Berkovici,4,0,1,0,3,1,3
1300,0,0,base,interview,srp,45218.46,0,2,27,1,Nis,Nis,4,0,4,0,4,3,5
1302,0,0,base,interview,bos,45218.6,0,2,28,2,Pelagićevo,Pelagićevo,4,0,1,0,5,3,2
1305,0,0,base,interview,bos,45218.61,0,2,22,1,Bileća,Bileća,4,0,1,0,4,4,3
1306,0,0,base,interview,bos,45218.61,0,1,24,1,Novi Sad,Berkovići,4,0,4,0,4,3,3
1311,0,0,base,interview,bos,45218.64,0,1,26,2,Kotor Varoš,Kotor Varoš,4,0,1,0,5,3,3
1313,0,0,base,interview,bos,45218.65,0,1,27,2,Kotor Varos,Kotor Varos,4,0,1,0,3,3,3
1315,0,0,base,interview,bos,45218.65,0,2,27,2,Kotor Varos,Kotor Varos,4,0,1,0,3,3,3
1317,0,0,base,interview,bos,45218.81,0,1,59,1,Zenica,Zenica,5,0,1,0,3,3,3
1319,0,0,base,interview,qaa,45218.89,0,2,50,2,Tivat,Tivat,2,0,2,0,4,3,2
1322,0,0,base,interview,srp,45218.95,0,1,22,2,Niš,Niš,4,0,4,0,3,3,3
1324,0,0,base,interview,srp,45218.96,0,1,19,2,Negotin,Negotin,4,0,4,0,3,2,3
1326,0,0,base,interview,srp,45218.98,0,2,26,2,Leskovac,Leskovac,4,0,4,0,4,3,3
1327,0,0,base,interview,srp,45218.98,0,1,23,2,VRANJE,VRANJE,4,0,4,0,3,3,3
1330,0,0,base,interview,srp,45218.98,0,2,23,1,Niš,Leskovac,4,0,4,0,4,3,3
1332,0,0,base,interview,srp,45218.98,0,2,23,2,Vranje,Vranje,4,0,4,0,3,3,5
1334,0,0,base,interview,srp,45218.99,0,1,23,2,Vranje,Vranje,4,0,4,0,3,3,5
1336,0,0,base,interview,srp,45218.99,0,2,24,1,Veliko Vojlovce,Bošnjace,4,0,4,0,3,3,3
1338,0,0,base,interview,srp,45219,0,2,30,1,Leskovac,Leskovac,4,0,4,0,3,3,3
1341,0,0,base,interview,srp,45219.31,0,2,22,2,Niš,Niš,4,0,4,0,3,5,5
1343,0,0,base,interview,srp,45219.34,0,2,20,2,Vranjska Banja,Vranjska Banja,4,0,4,0,3,3,2
1345,0,0,base,interview,srp,45219.35,0,1,27,2,Kragujevac,Kragujevac,4,0,4,0,4,3,3
1348,0,0,base,interview,srp,45219.41,0,1,26,2,Vranje,Vranje,4,0,4,0,4,3,3
1351,0,0,base,interview,srp,45219.42,0,2,54,1,Leskovac,Leskovac,4,0,4,0,5,5,3
1354,0,0,base,interview,srp,45219.49,0,2,20,2,Vranje,Vranje,4,0,4,0,3,3,4
1356,0,0,base,interview,srp,45219.53,0,1,22,2,Leskovac,Leskovac,4,0,4,0,3,3,3
1358,0,0,base,interview,srp,45219.54,0,2,21,2,Niš,Niš,4,0,4,0,3,3,3
1361,0,0,base,interview,srp,45219.9,0,1,23,2,Leskovac,Leskovac,4,0,4,0,4,3,5
1364,0,0,base,interview,srp,45221.5,0,1,18,2,Nis,Nis,4,0,4,0,3,4,4
1365,0,0,base,interview,srp,45221.5,0,1,19,2,Bošnjace,Bošnjace,4,0,4,0,3,3,3
1372,0,0,base,interview,srp,45221.5,0,2,18,2,Вукашиновац,Рутевац,4,0,4,0,3,2,3
1374,0,0,base,interview,srp,45221.51,0,2,19,2,Niš,Niš,4,0,4,0,3,4,3
1379,0,0,base,interview,srp,45221.52,0,1,18,2,Vranje,Vranje,4,0,4,0,3,3,3
1383,0,0,base,interview,srp,45221.55,0,2,19,2,Сврљиг,Сврљиг,4,0,4,0,3,3,3
1385,0,0,base,interview,srp,45221.55,0,1,19,2,Velika Drenova,Velika Drenova,4,0,4,0,3,3,3
1386,0,0,base,interview,srp,45221.55,0,1,22,2,Žitorađa,Žitorađa,4,0,4,0,3,4,3
1389,0,0,base,interview,srp,45221.56,0,1,20,2,Aleksinac,Trnjane,4,0,4,0,3,3,3
1394,0,0,base,interview,srp,45221.56,0,1,20,2,Vitkovac,Donji Ljubes,4,0,4,0,3,3,3
1396,0,0,base,interview,srp,45221.66,0,2,18,2,Niš,Merošina,4,0,4,0,3,3,3
1400,0,0,base,interview,srp,45221.77,0,1,19,2,Niš,Niš,4,0,4,0,3,3,3
1403,0,0,base,interview,srp,45221.78,0,2,25,1,Нови Сад,Нови Сад,4,0,4,0,4,5,4
1406,0,0,base,interview,srp,45221.8,0,2,19,2,Niš,Vranje,4,0,4,0,3,2,2
1408,0,0,base,interview,srp,45222.76,0,2,20,2,Bosilegrad,Bosilegrad,4,0,4,0,3,3,2
1411,0,0,base,interview,srp,45223.75,0,1,20,2,Bosilegrad,Bosilegrad,4,0,4,0,3,3,2
1413,0,0,base,interview,hrv,45225.73,0,2,25,1,Rijeka,Rijeka,6,neopredjeljen,3,0,4,4,4
1420,0,0,base,interview,srp,45239.65,0,2,20,2,Niš,Niš,4,0,4,0,3,4,3
1421,0,0,base,interview,srp,45239.65,0,2,20,2,Niš,Kruševac,4,0,4,0,3,3,5
1422,0,0,base,interview,srp,45239.65,0,2,19,2,Niš,Niš,4,0,4,0,3,3,5
1423,0,0,base,interview,srp,45239.65,0,2,20,3,Niš,Surdulica,6,Bugarin,4,0,3,3,3
1428,0,0,base,interview,srp,45239.65,0,2,20,2,Niš,Niš,4,0,4,0,3,3,5
1434,0,0,base,interview,srp,45239.65,0,2,20,2,Niš,Niš,4,0,4,0,3,3,3
1436,0,0,base,interview,srp,45239.66,0,1,20,2,Niš,Prokuplje,4,0,4,0,3,3,4
1438,0,0,base,interview,srp,45239.66,0,2,20,2,Nis,Prokuplje,4,0,4,0,3,3,4
1440,0,0,base,interview,srp,45239.69,0,2,20,2,Niš,Pirot,4,0,4,0,3,4,3
1442,0,0,base,interview,srp,45239.69,0,2,21,1,Nis,Zaječar,4,0,4,0,3,3,3
1448,0,0,base,interview,srp,45239.9,0,1,20,2,Niš,Leskovac,4,0,4,0,3,3,3
1453,0,0,base,interview,srp,45242.64,0,1,19,2,Niš,Niš,4,0,4,0,3,3,3
1458,0,0,base,interview,srp,45244.95,0,1,20,2,Niš,Niš,4,0,4,0,3,3,5
1460,0,0,base,interview,srp,45246.65,0,2,22,2,Niš,Niš,4,0,4,0,3,4,4
1462,0,0,base,interview,srp,45247.67,0,1,22,2,Nis,Sokobanja,4,0,4,0,3,2,2
1466,0,0,base,interview,srp,45247.7,0,2,22,2,Niš,Kuršumlija,4,0,4,0,3,3,3
1469,0,0,base,interview,srp,45250.68,0,1,19,2,Niš,Knjaževac,4,0,4,0,3,3,3
1471,0,0,base,interview,srp,45250.71,0,2,19,1,Zaječar,Zaječar,4,0,4,0,3,3,3
1480,0,0,base,interview,srp,45251.82,0,1,20,2,nis,nis,4,0,4,0,3,4,4
1485,0,0,base,interview,hrv,45252.65,0,1,31,2,Zagreb,Jastrebarsko,3,0,3,0,4,3,3
1485,0,0,base,interview,hrv,45252.65,0,1,31,2,Zagreb,Jastrebarsko,3,0,3,0,4,3,3